country_key,country
1,Afghanistan
2,Albania
3,Algeria
4,Andorra
5,Angola
6,Antigua and Barbuda
7,Argentina
8,Armenia
9,Australia
10,Austria
11,Azerbaijan
12,Bahamas
13,Bahrain
14,Bangladesh
15,Barbados
16,Belarus
17,Belgium
18,Belize
19,Benin
20,Bhutan
21,Bolivia
22,Bosnia and Herzegovina
23,Botswana
24,Brazil
25,Brunei
26,Bulgaria
27,Burkina Faso
28,Burma
29,Burundi
30,Cabo Verde
31,Cambodia
32,Cameroon
33,Canada
34,Central African Republic
35,Chad
36,Chile
37,China
38,Colombia
39,Comoros
40,Congo (Brazzaville)
41,Congo (Kinshasa)
42,Costa Rica
43,Cote d'Ivoire
44,Croatia
45,Cuba
46,Cyprus
47,Czechia
48,Denmark
49,Diamond Princess
50,Djibouti
51,Dominica
52,Dominican Republic
53,Ecuador
54,Egypt
55,El Salvador
56,Equatorial Guinea
57,Eritrea
58,Estonia
59,Eswatini
60,Ethiopia
61,Fiji
62,Finland
63,France
64,Gabon
65,Gambia
66,Georgia
67,Germany
68,Ghana
69,Greece
70,Grenada
71,Guatemala
72,Guinea
73,Guinea-Bissau
74,Guyana
75,Haiti
76,Holy See
77,Honduras
78,Hungary
79,Iceland
80,India
81,Indonesia
82,Iran
83,Iraq
84,Ireland
85,Israel
86,Italy
87,Jamaica
88,Japan
89,Jordan
90,Kazakhstan
91,Kenya
92,"Korea, South"
93,Kosovo
94,Kuwait
95,Kyrgyzstan
96,Laos
97,Latvia
98,Lebanon
99,Lesotho
100,Liberia
101,Libya
102,Liechtenstein
103,Lithuania
104,Luxembourg
105,MS Zaandam
106,Madagascar
107,Malawi
108,Malaysia
109,Maldives
110,Mali
111,Malta
112,Marshall Islands
113,Mauritania
114,Mauritius
115,Mexico
116,Moldova
117,Monaco
118,Mongolia
119,Montenegro
120,Morocco
121,Mozambique
122,Namibia
123,Nepal
124,Netherlands
125,New Zealand
126,Nicaragua
127,Niger
128,Nigeria
129,North Macedonia
130,Norway
131,Oman
132,Pakistan
133,Panama
134,Papua New Guinea
135,Paraguay
136,Peru
137,Philippines
138,Poland
139,Portugal
140,Qatar
141,Romania
142,Russia
143,Rwanda
144,Saint Kitts and Nevis
145,Saint Lucia
146,Saint Vincent and the Grenadines
147,Samoa
148,San Marino
149,Sao Tome and Principe
150,Saudi Arabia
151,Senegal
152,Serbia
153,Seychelles
154,Sierra Leone
155,Singapore
156,Slovakia
157,Slovenia
158,Solomon Islands
159,Somalia
160,South Africa
161,South Sudan
162,Spain
163,Sri Lanka
164,Sudan
165,Suriname
166,Sweden
167,Switzerland
168,Syria
169,Taiwan*
170,Tajikistan
171,Tanzania
172,Thailand
173,Timor-Leste
174,Togo
175,Trinidad and Tobago
176,Tunisia
177,Turkey
178,US
179,Uganda
180,Ukraine
181,United Arab Emirates
182,United Kingdom
183,Uruguay
184,Uzbekistan
185,Vanuatu
186,Venezuela
187,Vietnam
188,West Bank and Gaza
189,Yemen
190,Zambia
191,Zimbabwe
