date,date_key,year,quarter,month_number,month_name,year_month,day,day_name,week_of_year,is_weekend
2020-01-22,20200122,2020,Q1,1,January,2020-01,22,Wednesday,4,False
2020-01-23,20200123,2020,Q1,1,January,2020-01,23,Thursday,4,False
2020-01-24,20200124,2020,Q1,1,January,2020-01,24,Friday,4,False
2020-01-25,20200125,2020,Q1,1,January,2020-01,25,Saturday,4,True
2020-01-26,20200126,2020,Q1,1,January,2020-01,26,Sunday,4,True
2020-01-27,20200127,2020,Q1,1,January,2020-01,27,Monday,5,False
2020-01-28,20200128,2020,Q1,1,January,2020-01,28,Tuesday,5,False
2020-01-29,20200129,2020,Q1,1,January,2020-01,29,Wednesday,5,False
2020-01-30,20200130,2020,Q1,1,January,2020-01,30,Thursday,5,False
2020-01-31,20200131,2020,Q1,1,January,2020-01,31,Friday,5,False
2020-02-01,20200201,2020,Q1,2,February,2020-02,1,Saturday,5,True
2020-02-02,20200202,2020,Q1,2,February,2020-02,2,Sunday,5,True
2020-02-03,20200203,2020,Q1,2,February,2020-02,3,Monday,6,False
2020-02-04,20200204,2020,Q1,2,February,2020-02,4,Tuesday,6,False
2020-02-05,20200205,2020,Q1,2,February,2020-02,5,Wednesday,6,False
2020-02-06,20200206,2020,Q1,2,February,2020-02,6,Thursday,6,False
2020-02-07,20200207,2020,Q1,2,February,2020-02,7,Friday,6,False
2020-02-08,20200208,2020,Q1,2,February,2020-02,8,Saturday,6,True
2020-02-09,20200209,2020,Q1,2,February,2020-02,9,Sunday,6,True
2020-02-10,20200210,2020,Q1,2,February,2020-02,10,Monday,7,False
2020-02-11,20200211,2020,Q1,2,February,2020-02,11,Tuesday,7,False
2020-02-12,20200212,2020,Q1,2,February,2020-02,12,Wednesday,7,False
2020-02-13,20200213,2020,Q1,2,February,2020-02,13,Thursday,7,False
2020-02-14,20200214,2020,Q1,2,February,2020-02,14,Friday,7,False
2020-02-15,20200215,2020,Q1,2,February,2020-02,15,Saturday,7,True
2020-02-16,20200216,2020,Q1,2,February,2020-02,16,Sunday,7,True
2020-02-17,20200217,2020,Q1,2,February,2020-02,17,Monday,8,False
2020-02-18,20200218,2020,Q1,2,February,2020-02,18,Tuesday,8,False
2020-02-19,20200219,2020,Q1,2,February,2020-02,19,Wednesday,8,False
2020-02-20,20200220,2020,Q1,2,February,2020-02,20,Thursday,8,False
2020-02-21,20200221,2020,Q1,2,February,2020-02,21,Friday,8,False
2020-02-22,20200222,2020,Q1,2,February,2020-02,22,Saturday,8,True
2020-02-23,20200223,2020,Q1,2,February,2020-02,23,Sunday,8,True
2020-02-24,20200224,2020,Q1,2,February,2020-02,24,Monday,9,False
2020-02-25,20200225,2020,Q1,2,February,2020-02,25,Tuesday,9,False
2020-02-26,20200226,2020,Q1,2,February,2020-02,26,Wednesday,9,False
2020-02-27,20200227,2020,Q1,2,February,2020-02,27,Thursday,9,False
2020-02-28,20200228,2020,Q1,2,February,2020-02,28,Friday,9,False
2020-02-29,20200229,2020,Q1,2,February,2020-02,29,Saturday,9,True
2020-03-01,20200301,2020,Q1,3,March,2020-03,1,Sunday,9,True
2020-03-02,20200302,2020,Q1,3,March,2020-03,2,Monday,10,False
2020-03-03,20200303,2020,Q1,3,March,2020-03,3,Tuesday,10,False
2020-03-04,20200304,2020,Q1,3,March,2020-03,4,Wednesday,10,False
2020-03-05,20200305,2020,Q1,3,March,2020-03,5,Thursday,10,False
2020-03-06,20200306,2020,Q1,3,March,2020-03,6,Friday,10,False
2020-03-07,20200307,2020,Q1,3,March,2020-03,7,Saturday,10,True
2020-03-08,20200308,2020,Q1,3,March,2020-03,8,Sunday,10,True
2020-03-09,20200309,2020,Q1,3,March,2020-03,9,Monday,11,False
2020-03-10,20200310,2020,Q1,3,March,2020-03,10,Tuesday,11,False
2020-03-11,20200311,2020,Q1,3,March,2020-03,11,Wednesday,11,False
2020-03-12,20200312,2020,Q1,3,March,2020-03,12,Thursday,11,False
2020-03-13,20200313,2020,Q1,3,March,2020-03,13,Friday,11,False
2020-03-14,20200314,2020,Q1,3,March,2020-03,14,Saturday,11,True
2020-03-15,20200315,2020,Q1,3,March,2020-03,15,Sunday,11,True
2020-03-16,20200316,2020,Q1,3,March,2020-03,16,Monday,12,False
2020-03-17,20200317,2020,Q1,3,March,2020-03,17,Tuesday,12,False
2020-03-18,20200318,2020,Q1,3,March,2020-03,18,Wednesday,12,False
2020-03-19,20200319,2020,Q1,3,March,2020-03,19,Thursday,12,False
2020-03-20,20200320,2020,Q1,3,March,2020-03,20,Friday,12,False
2020-03-21,20200321,2020,Q1,3,March,2020-03,21,Saturday,12,True
2020-03-22,20200322,2020,Q1,3,March,2020-03,22,Sunday,12,True
2020-03-23,20200323,2020,Q1,3,March,2020-03,23,Monday,13,False
2020-03-24,20200324,2020,Q1,3,March,2020-03,24,Tuesday,13,False
2020-03-25,20200325,2020,Q1,3,March,2020-03,25,Wednesday,13,False
2020-03-26,20200326,2020,Q1,3,March,2020-03,26,Thursday,13,False
2020-03-27,20200327,2020,Q1,3,March,2020-03,27,Friday,13,False
2020-03-28,20200328,2020,Q1,3,March,2020-03,28,Saturday,13,True
2020-03-29,20200329,2020,Q1,3,March,2020-03,29,Sunday,13,True
2020-03-30,20200330,2020,Q1,3,March,2020-03,30,Monday,14,False
2020-03-31,20200331,2020,Q1,3,March,2020-03,31,Tuesday,14,False
2020-04-01,20200401,2020,Q2,4,April,2020-04,1,Wednesday,14,False
2020-04-02,20200402,2020,Q2,4,April,2020-04,2,Thursday,14,False
2020-04-03,20200403,2020,Q2,4,April,2020-04,3,Friday,14,False
2020-04-04,20200404,2020,Q2,4,April,2020-04,4,Saturday,14,True
2020-04-05,20200405,2020,Q2,4,April,2020-04,5,Sunday,14,True
2020-04-06,20200406,2020,Q2,4,April,2020-04,6,Monday,15,False
2020-04-07,20200407,2020,Q2,4,April,2020-04,7,Tuesday,15,False
2020-04-08,20200408,2020,Q2,4,April,2020-04,8,Wednesday,15,False
2020-04-09,20200409,2020,Q2,4,April,2020-04,9,Thursday,15,False
2020-04-10,20200410,2020,Q2,4,April,2020-04,10,Friday,15,False
2020-04-11,20200411,2020,Q2,4,April,2020-04,11,Saturday,15,True
2020-04-12,20200412,2020,Q2,4,April,2020-04,12,Sunday,15,True
2020-04-13,20200413,2020,Q2,4,April,2020-04,13,Monday,16,False
2020-04-14,20200414,2020,Q2,4,April,2020-04,14,Tuesday,16,False
2020-04-15,20200415,2020,Q2,4,April,2020-04,15,Wednesday,16,False
2020-04-16,20200416,2020,Q2,4,April,2020-04,16,Thursday,16,False
2020-04-17,20200417,2020,Q2,4,April,2020-04,17,Friday,16,False
2020-04-18,20200418,2020,Q2,4,April,2020-04,18,Saturday,16,True
2020-04-19,20200419,2020,Q2,4,April,2020-04,19,Sunday,16,True
2020-04-20,20200420,2020,Q2,4,April,2020-04,20,Monday,17,False
2020-04-21,20200421,2020,Q2,4,April,2020-04,21,Tuesday,17,False
2020-04-22,20200422,2020,Q2,4,April,2020-04,22,Wednesday,17,False
2020-04-23,20200423,2020,Q2,4,April,2020-04,23,Thursday,17,False
2020-04-24,20200424,2020,Q2,4,April,2020-04,24,Friday,17,False
2020-04-25,20200425,2020,Q2,4,April,2020-04,25,Saturday,17,True
2020-04-26,20200426,2020,Q2,4,April,2020-04,26,Sunday,17,True
2020-04-27,20200427,2020,Q2,4,April,2020-04,27,Monday,18,False
2020-04-28,20200428,2020,Q2,4,April,2020-04,28,Tuesday,18,False
2020-04-29,20200429,2020,Q2,4,April,2020-04,29,Wednesday,18,False
2020-04-30,20200430,2020,Q2,4,April,2020-04,30,Thursday,18,False
2020-05-01,20200501,2020,Q2,5,May,2020-05,1,Friday,18,False
2020-05-02,20200502,2020,Q2,5,May,2020-05,2,Saturday,18,True
2020-05-03,20200503,2020,Q2,5,May,2020-05,3,Sunday,18,True
2020-05-04,20200504,2020,Q2,5,May,2020-05,4,Monday,19,False
2020-05-05,20200505,2020,Q2,5,May,2020-05,5,Tuesday,19,False
2020-05-06,20200506,2020,Q2,5,May,2020-05,6,Wednesday,19,False
2020-05-07,20200507,2020,Q2,5,May,2020-05,7,Thursday,19,False
2020-05-08,20200508,2020,Q2,5,May,2020-05,8,Friday,19,False
2020-05-09,20200509,2020,Q2,5,May,2020-05,9,Saturday,19,True
2020-05-10,20200510,2020,Q2,5,May,2020-05,10,Sunday,19,True
2020-05-11,20200511,2020,Q2,5,May,2020-05,11,Monday,20,False
2020-05-12,20200512,2020,Q2,5,May,2020-05,12,Tuesday,20,False
2020-05-13,20200513,2020,Q2,5,May,2020-05,13,Wednesday,20,False
2020-05-14,20200514,2020,Q2,5,May,2020-05,14,Thursday,20,False
2020-05-15,20200515,2020,Q2,5,May,2020-05,15,Friday,20,False
2020-05-16,20200516,2020,Q2,5,May,2020-05,16,Saturday,20,True
2020-05-17,20200517,2020,Q2,5,May,2020-05,17,Sunday,20,True
2020-05-18,20200518,2020,Q2,5,May,2020-05,18,Monday,21,False
2020-05-19,20200519,2020,Q2,5,May,2020-05,19,Tuesday,21,False
2020-05-20,20200520,2020,Q2,5,May,2020-05,20,Wednesday,21,False
2020-05-21,20200521,2020,Q2,5,May,2020-05,21,Thursday,21,False
2020-05-22,20200522,2020,Q2,5,May,2020-05,22,Friday,21,False
2020-05-23,20200523,2020,Q2,5,May,2020-05,23,Saturday,21,True
2020-05-24,20200524,2020,Q2,5,May,2020-05,24,Sunday,21,True
2020-05-25,20200525,2020,Q2,5,May,2020-05,25,Monday,22,False
2020-05-26,20200526,2020,Q2,5,May,2020-05,26,Tuesday,22,False
2020-05-27,20200527,2020,Q2,5,May,2020-05,27,Wednesday,22,False
2020-05-28,20200528,2020,Q2,5,May,2020-05,28,Thursday,22,False
2020-05-29,20200529,2020,Q2,5,May,2020-05,29,Friday,22,False
2020-05-30,20200530,2020,Q2,5,May,2020-05,30,Saturday,22,True
2020-05-31,20200531,2020,Q2,5,May,2020-05,31,Sunday,22,True
2020-06-01,20200601,2020,Q2,6,June,2020-06,1,Monday,23,False
2020-06-02,20200602,2020,Q2,6,June,2020-06,2,Tuesday,23,False
2020-06-03,20200603,2020,Q2,6,June,2020-06,3,Wednesday,23,False
2020-06-04,20200604,2020,Q2,6,June,2020-06,4,Thursday,23,False
2020-06-05,20200605,2020,Q2,6,June,2020-06,5,Friday,23,False
2020-06-06,20200606,2020,Q2,6,June,2020-06,6,Saturday,23,True
2020-06-07,20200607,2020,Q2,6,June,2020-06,7,Sunday,23,True
2020-06-08,20200608,2020,Q2,6,June,2020-06,8,Monday,24,False
2020-06-09,20200609,2020,Q2,6,June,2020-06,9,Tuesday,24,False
2020-06-10,20200610,2020,Q2,6,June,2020-06,10,Wednesday,24,False
2020-06-11,20200611,2020,Q2,6,June,2020-06,11,Thursday,24,False
2020-06-12,20200612,2020,Q2,6,June,2020-06,12,Friday,24,False
2020-06-13,20200613,2020,Q2,6,June,2020-06,13,Saturday,24,True
2020-06-14,20200614,2020,Q2,6,June,2020-06,14,Sunday,24,True
2020-06-15,20200615,2020,Q2,6,June,2020-06,15,Monday,25,False
2020-06-16,20200616,2020,Q2,6,June,2020-06,16,Tuesday,25,False
2020-06-17,20200617,2020,Q2,6,June,2020-06,17,Wednesday,25,False
2020-06-18,20200618,2020,Q2,6,June,2020-06,18,Thursday,25,False
2020-06-19,20200619,2020,Q2,6,June,2020-06,19,Friday,25,False
2020-06-20,20200620,2020,Q2,6,June,2020-06,20,Saturday,25,True
2020-06-21,20200621,2020,Q2,6,June,2020-06,21,Sunday,25,True
2020-06-22,20200622,2020,Q2,6,June,2020-06,22,Monday,26,False
2020-06-23,20200623,2020,Q2,6,June,2020-06,23,Tuesday,26,False
2020-06-24,20200624,2020,Q2,6,June,2020-06,24,Wednesday,26,False
2020-06-25,20200625,2020,Q2,6,June,2020-06,25,Thursday,26,False
2020-06-26,20200626,2020,Q2,6,June,2020-06,26,Friday,26,False
2020-06-27,20200627,2020,Q2,6,June,2020-06,27,Saturday,26,True
2020-06-28,20200628,2020,Q2,6,June,2020-06,28,Sunday,26,True
2020-06-29,20200629,2020,Q2,6,June,2020-06,29,Monday,27,False
2020-06-30,20200630,2020,Q2,6,June,2020-06,30,Tuesday,27,False
2020-07-01,20200701,2020,Q3,7,July,2020-07,1,Wednesday,27,False
2020-07-02,20200702,2020,Q3,7,July,2020-07,2,Thursday,27,False
2020-07-03,20200703,2020,Q3,7,July,2020-07,3,Friday,27,False
2020-07-04,20200704,2020,Q3,7,July,2020-07,4,Saturday,27,True
2020-07-05,20200705,2020,Q3,7,July,2020-07,5,Sunday,27,True
2020-07-06,20200706,2020,Q3,7,July,2020-07,6,Monday,28,False
2020-07-07,20200707,2020,Q3,7,July,2020-07,7,Tuesday,28,False
2020-07-08,20200708,2020,Q3,7,July,2020-07,8,Wednesday,28,False
2020-07-09,20200709,2020,Q3,7,July,2020-07,9,Thursday,28,False
2020-07-10,20200710,2020,Q3,7,July,2020-07,10,Friday,28,False
2020-07-11,20200711,2020,Q3,7,July,2020-07,11,Saturday,28,True
2020-07-12,20200712,2020,Q3,7,July,2020-07,12,Sunday,28,True
2020-07-13,20200713,2020,Q3,7,July,2020-07,13,Monday,29,False
2020-07-14,20200714,2020,Q3,7,July,2020-07,14,Tuesday,29,False
2020-07-15,20200715,2020,Q3,7,July,2020-07,15,Wednesday,29,False
2020-07-16,20200716,2020,Q3,7,July,2020-07,16,Thursday,29,False
2020-07-17,20200717,2020,Q3,7,July,2020-07,17,Friday,29,False
2020-07-18,20200718,2020,Q3,7,July,2020-07,18,Saturday,29,True
2020-07-19,20200719,2020,Q3,7,July,2020-07,19,Sunday,29,True
2020-07-20,20200720,2020,Q3,7,July,2020-07,20,Monday,30,False
2020-07-21,20200721,2020,Q3,7,July,2020-07,21,Tuesday,30,False
2020-07-22,20200722,2020,Q3,7,July,2020-07,22,Wednesday,30,False
2020-07-23,20200723,2020,Q3,7,July,2020-07,23,Thursday,30,False
2020-07-24,20200724,2020,Q3,7,July,2020-07,24,Friday,30,False
2020-07-25,20200725,2020,Q3,7,July,2020-07,25,Saturday,30,True
2020-07-26,20200726,2020,Q3,7,July,2020-07,26,Sunday,30,True
2020-07-27,20200727,2020,Q3,7,July,2020-07,27,Monday,31,False
2020-07-28,20200728,2020,Q3,7,July,2020-07,28,Tuesday,31,False
2020-07-29,20200729,2020,Q3,7,July,2020-07,29,Wednesday,31,False
2020-07-30,20200730,2020,Q3,7,July,2020-07,30,Thursday,31,False
2020-07-31,20200731,2020,Q3,7,July,2020-07,31,Friday,31,False
2020-08-01,20200801,2020,Q3,8,August,2020-08,1,Saturday,31,True
2020-08-02,20200802,2020,Q3,8,August,2020-08,2,Sunday,31,True
2020-08-03,20200803,2020,Q3,8,August,2020-08,3,Monday,32,False
2020-08-04,20200804,2020,Q3,8,August,2020-08,4,Tuesday,32,False
2020-08-05,20200805,2020,Q3,8,August,2020-08,5,Wednesday,32,False
2020-08-06,20200806,2020,Q3,8,August,2020-08,6,Thursday,32,False
2020-08-07,20200807,2020,Q3,8,August,2020-08,7,Friday,32,False
2020-08-08,20200808,2020,Q3,8,August,2020-08,8,Saturday,32,True
2020-08-09,20200809,2020,Q3,8,August,2020-08,9,Sunday,32,True
2020-08-10,20200810,2020,Q3,8,August,2020-08,10,Monday,33,False
2020-08-11,20200811,2020,Q3,8,August,2020-08,11,Tuesday,33,False
2020-08-12,20200812,2020,Q3,8,August,2020-08,12,Wednesday,33,False
2020-08-13,20200813,2020,Q3,8,August,2020-08,13,Thursday,33,False
2020-08-14,20200814,2020,Q3,8,August,2020-08,14,Friday,33,False
2020-08-15,20200815,2020,Q3,8,August,2020-08,15,Saturday,33,True
2020-08-16,20200816,2020,Q3,8,August,2020-08,16,Sunday,33,True
2020-08-17,20200817,2020,Q3,8,August,2020-08,17,Monday,34,False
2020-08-18,20200818,2020,Q3,8,August,2020-08,18,Tuesday,34,False
2020-08-19,20200819,2020,Q3,8,August,2020-08,19,Wednesday,34,False
2020-08-20,20200820,2020,Q3,8,August,2020-08,20,Thursday,34,False
2020-08-21,20200821,2020,Q3,8,August,2020-08,21,Friday,34,False
2020-08-22,20200822,2020,Q3,8,August,2020-08,22,Saturday,34,True
2020-08-23,20200823,2020,Q3,8,August,2020-08,23,Sunday,34,True
2020-08-24,20200824,2020,Q3,8,August,2020-08,24,Monday,35,False
2020-08-25,20200825,2020,Q3,8,August,2020-08,25,Tuesday,35,False
2020-08-26,20200826,2020,Q3,8,August,2020-08,26,Wednesday,35,False
2020-08-27,20200827,2020,Q3,8,August,2020-08,27,Thursday,35,False
2020-08-28,20200828,2020,Q3,8,August,2020-08,28,Friday,35,False
2020-08-29,20200829,2020,Q3,8,August,2020-08,29,Saturday,35,True
2020-08-30,20200830,2020,Q3,8,August,2020-08,30,Sunday,35,True
2020-08-31,20200831,2020,Q3,8,August,2020-08,31,Monday,36,False
2020-09-01,20200901,2020,Q3,9,September,2020-09,1,Tuesday,36,False
2020-09-02,20200902,2020,Q3,9,September,2020-09,2,Wednesday,36,False
2020-09-03,20200903,2020,Q3,9,September,2020-09,3,Thursday,36,False
2020-09-04,20200904,2020,Q3,9,September,2020-09,4,Friday,36,False
2020-09-05,20200905,2020,Q3,9,September,2020-09,5,Saturday,36,True
2020-09-06,20200906,2020,Q3,9,September,2020-09,6,Sunday,36,True
2020-09-07,20200907,2020,Q3,9,September,2020-09,7,Monday,37,False
2020-09-08,20200908,2020,Q3,9,September,2020-09,8,Tuesday,37,False
2020-09-09,20200909,2020,Q3,9,September,2020-09,9,Wednesday,37,False
2020-09-10,20200910,2020,Q3,9,September,2020-09,10,Thursday,37,False
2020-09-11,20200911,2020,Q3,9,September,2020-09,11,Friday,37,False
2020-09-12,20200912,2020,Q3,9,September,2020-09,12,Saturday,37,True
2020-09-13,20200913,2020,Q3,9,September,2020-09,13,Sunday,37,True
2020-09-14,20200914,2020,Q3,9,September,2020-09,14,Monday,38,False
2020-09-15,20200915,2020,Q3,9,September,2020-09,15,Tuesday,38,False
2020-09-16,20200916,2020,Q3,9,September,2020-09,16,Wednesday,38,False
2020-09-17,20200917,2020,Q3,9,September,2020-09,17,Thursday,38,False
2020-09-18,20200918,2020,Q3,9,September,2020-09,18,Friday,38,False
2020-09-19,20200919,2020,Q3,9,September,2020-09,19,Saturday,38,True
2020-09-20,20200920,2020,Q3,9,September,2020-09,20,Sunday,38,True
2020-09-21,20200921,2020,Q3,9,September,2020-09,21,Monday,39,False
2020-09-22,20200922,2020,Q3,9,September,2020-09,22,Tuesday,39,False
2020-09-23,20200923,2020,Q3,9,September,2020-09,23,Wednesday,39,False
2020-09-24,20200924,2020,Q3,9,September,2020-09,24,Thursday,39,False
2020-09-25,20200925,2020,Q3,9,September,2020-09,25,Friday,39,False
2020-09-26,20200926,2020,Q3,9,September,2020-09,26,Saturday,39,True
2020-09-27,20200927,2020,Q3,9,September,2020-09,27,Sunday,39,True
2020-09-28,20200928,2020,Q3,9,September,2020-09,28,Monday,40,False
2020-09-29,20200929,2020,Q3,9,September,2020-09,29,Tuesday,40,False
2020-09-30,20200930,2020,Q3,9,September,2020-09,30,Wednesday,40,False
2020-10-01,20201001,2020,Q4,10,October,2020-10,1,Thursday,40,False
2020-10-02,20201002,2020,Q4,10,October,2020-10,2,Friday,40,False
2020-10-03,20201003,2020,Q4,10,October,2020-10,3,Saturday,40,True
2020-10-04,20201004,2020,Q4,10,October,2020-10,4,Sunday,40,True
2020-10-05,20201005,2020,Q4,10,October,2020-10,5,Monday,41,False
2020-10-06,20201006,2020,Q4,10,October,2020-10,6,Tuesday,41,False
2020-10-07,20201007,2020,Q4,10,October,2020-10,7,Wednesday,41,False
2020-10-08,20201008,2020,Q4,10,October,2020-10,8,Thursday,41,False
2020-10-09,20201009,2020,Q4,10,October,2020-10,9,Friday,41,False
2020-10-10,20201010,2020,Q4,10,October,2020-10,10,Saturday,41,True
2020-10-11,20201011,2020,Q4,10,October,2020-10,11,Sunday,41,True
2020-10-12,20201012,2020,Q4,10,October,2020-10,12,Monday,42,False
2020-10-13,20201013,2020,Q4,10,October,2020-10,13,Tuesday,42,False
2020-10-14,20201014,2020,Q4,10,October,2020-10,14,Wednesday,42,False
2020-10-15,20201015,2020,Q4,10,October,2020-10,15,Thursday,42,False
2020-10-16,20201016,2020,Q4,10,October,2020-10,16,Friday,42,False
2020-10-17,20201017,2020,Q4,10,October,2020-10,17,Saturday,42,True
2020-10-18,20201018,2020,Q4,10,October,2020-10,18,Sunday,42,True
2020-10-19,20201019,2020,Q4,10,October,2020-10,19,Monday,43,False
2020-10-20,20201020,2020,Q4,10,October,2020-10,20,Tuesday,43,False
2020-10-21,20201021,2020,Q4,10,October,2020-10,21,Wednesday,43,False
2020-10-22,20201022,2020,Q4,10,October,2020-10,22,Thursday,43,False
2020-10-23,20201023,2020,Q4,10,October,2020-10,23,Friday,43,False
2020-10-24,20201024,2020,Q4,10,October,2020-10,24,Saturday,43,True
2020-10-25,20201025,2020,Q4,10,October,2020-10,25,Sunday,43,True
2020-10-26,20201026,2020,Q4,10,October,2020-10,26,Monday,44,False
2020-10-27,20201027,2020,Q4,10,October,2020-10,27,Tuesday,44,False
2020-10-28,20201028,2020,Q4,10,October,2020-10,28,Wednesday,44,False
2020-10-29,20201029,2020,Q4,10,October,2020-10,29,Thursday,44,False
2020-10-30,20201030,2020,Q4,10,October,2020-10,30,Friday,44,False
2020-10-31,20201031,2020,Q4,10,October,2020-10,31,Saturday,44,True
2020-11-01,20201101,2020,Q4,11,November,2020-11,1,Sunday,44,True
2020-11-02,20201102,2020,Q4,11,November,2020-11,2,Monday,45,False
2020-11-03,20201103,2020,Q4,11,November,2020-11,3,Tuesday,45,False
2020-11-04,20201104,2020,Q4,11,November,2020-11,4,Wednesday,45,False
2020-11-05,20201105,2020,Q4,11,November,2020-11,5,Thursday,45,False
2020-11-06,20201106,2020,Q4,11,November,2020-11,6,Friday,45,False
2020-11-07,20201107,2020,Q4,11,November,2020-11,7,Saturday,45,True
2020-11-08,20201108,2020,Q4,11,November,2020-11,8,Sunday,45,True
2020-11-09,20201109,2020,Q4,11,November,2020-11,9,Monday,46,False
2020-11-10,20201110,2020,Q4,11,November,2020-11,10,Tuesday,46,False
2020-11-11,20201111,2020,Q4,11,November,2020-11,11,Wednesday,46,False
2020-11-12,20201112,2020,Q4,11,November,2020-11,12,Thursday,46,False
2020-11-13,20201113,2020,Q4,11,November,2020-11,13,Friday,46,False
2020-11-14,20201114,2020,Q4,11,November,2020-11,14,Saturday,46,True
2020-11-15,20201115,2020,Q4,11,November,2020-11,15,Sunday,46,True
2020-11-16,20201116,2020,Q4,11,November,2020-11,16,Monday,47,False
2020-11-17,20201117,2020,Q4,11,November,2020-11,17,Tuesday,47,False
2020-11-18,20201118,2020,Q4,11,November,2020-11,18,Wednesday,47,False
2020-11-19,20201119,2020,Q4,11,November,2020-11,19,Thursday,47,False
2020-11-20,20201120,2020,Q4,11,November,2020-11,20,Friday,47,False
2020-11-21,20201121,2020,Q4,11,November,2020-11,21,Saturday,47,True
2020-11-22,20201122,2020,Q4,11,November,2020-11,22,Sunday,47,True
2020-11-23,20201123,2020,Q4,11,November,2020-11,23,Monday,48,False
2020-11-24,20201124,2020,Q4,11,November,2020-11,24,Tuesday,48,False
2020-11-25,20201125,2020,Q4,11,November,2020-11,25,Wednesday,48,False
2020-11-26,20201126,2020,Q4,11,November,2020-11,26,Thursday,48,False
2020-11-27,20201127,2020,Q4,11,November,2020-11,27,Friday,48,False
2020-11-28,20201128,2020,Q4,11,November,2020-11,28,Saturday,48,True
2020-11-29,20201129,2020,Q4,11,November,2020-11,29,Sunday,48,True
2020-11-30,20201130,2020,Q4,11,November,2020-11,30,Monday,49,False
2020-12-01,20201201,2020,Q4,12,December,2020-12,1,Tuesday,49,False
2020-12-02,20201202,2020,Q4,12,December,2020-12,2,Wednesday,49,False
2020-12-03,20201203,2020,Q4,12,December,2020-12,3,Thursday,49,False
2020-12-04,20201204,2020,Q4,12,December,2020-12,4,Friday,49,False
2020-12-05,20201205,2020,Q4,12,December,2020-12,5,Saturday,49,True
2020-12-06,20201206,2020,Q4,12,December,2020-12,6,Sunday,49,True
2020-12-07,20201207,2020,Q4,12,December,2020-12,7,Monday,50,False
2020-12-08,20201208,2020,Q4,12,December,2020-12,8,Tuesday,50,False
2020-12-09,20201209,2020,Q4,12,December,2020-12,9,Wednesday,50,False
2020-12-10,20201210,2020,Q4,12,December,2020-12,10,Thursday,50,False
2020-12-11,20201211,2020,Q4,12,December,2020-12,11,Friday,50,False
2020-12-12,20201212,2020,Q4,12,December,2020-12,12,Saturday,50,True
2020-12-13,20201213,2020,Q4,12,December,2020-12,13,Sunday,50,True
2020-12-14,20201214,2020,Q4,12,December,2020-12,14,Monday,51,False
2020-12-15,20201215,2020,Q4,12,December,2020-12,15,Tuesday,51,False
2020-12-16,20201216,2020,Q4,12,December,2020-12,16,Wednesday,51,False
2020-12-17,20201217,2020,Q4,12,December,2020-12,17,Thursday,51,False
2020-12-18,20201218,2020,Q4,12,December,2020-12,18,Friday,51,False
2020-12-19,20201219,2020,Q4,12,December,2020-12,19,Saturday,51,True
2020-12-20,20201220,2020,Q4,12,December,2020-12,20,Sunday,51,True
2020-12-21,20201221,2020,Q4,12,December,2020-12,21,Monday,52,False
2020-12-22,20201222,2020,Q4,12,December,2020-12,22,Tuesday,52,False
2020-12-23,20201223,2020,Q4,12,December,2020-12,23,Wednesday,52,False
2020-12-24,20201224,2020,Q4,12,December,2020-12,24,Thursday,52,False
2020-12-25,20201225,2020,Q4,12,December,2020-12,25,Friday,52,False
2020-12-26,20201226,2020,Q4,12,December,2020-12,26,Saturday,52,True
2020-12-27,20201227,2020,Q4,12,December,2020-12,27,Sunday,52,True
2020-12-28,20201228,2020,Q4,12,December,2020-12,28,Monday,53,False
2020-12-29,20201229,2020,Q4,12,December,2020-12,29,Tuesday,53,False
2020-12-30,20201230,2020,Q4,12,December,2020-12,30,Wednesday,53,False
2020-12-31,20201231,2020,Q4,12,December,2020-12,31,Thursday,53,False
2021-01-01,20210101,2021,Q1,1,January,2021-01,1,Friday,53,False
